sourceOccurrenceId,sourceTaxonId,sourceTaxonName,sourceBodyPartId,sourceBodyPartName,sourceLifeStageId,sourceLifeStageName,sourcePhysiologicalStateId,sourcePhysiologicalStateName,interactionTypeId,interactionTypeName,targetOccurrenceId,targetTaxonId,targetTaxonName,targetBodyPartId,targetBodyPartName,targetLifeStageId,targetLifeStageName,targetPhysiologicalStateId,targetPhysiologicalStateName,habitatId,habitatName,localityId,localityName,decimalLatitude,decimalLongitude,depth,altitude,observationDateTime,referenceDoi,referenceUrl,referenceCitation
,,Sturnus vulgaris,,,,,,,http://purl.obolibrary.org/obo/RO_0002470,eats,,,Taxus baccata,,Aral,http://purl.obolibrary.org/obo/PATO_0001421,alive,,,,,GEONAMES:2635167,United Kingdom of Great Britain and Northern Ireland,,,,,,,,"Hageneder, F. (2007). Yew: a history. United Kingdom: Sutton."
,,Turdus philomelos,,,,,,,http://purl.obolibrary.org/obo/RO_0002470,eats,,,Taxus baccata,,Aral,http://purl.obolibrary.org/obo/PATO_0001421,alive,,,,,GEONAMES:2635167,United Kingdom of Great Britain and Northern Ireland,,,,,,,,"Hageneder, F. (2007). Yew: a history. United Kingdom: Sutton."
,,Turdus merula,,,,,,,http://purl.obolibrary.org/obo/RO_0002470,eats,,,Taxus baccata,,Aral,http://purl.obolibrary.org/obo/PATO_0001421,alive,,,,,GEONAMES:2635167,United Kingdom of Great Britain and Northern Ireland,,,,,,,,"Hageneder, F. (2007). Yew: a history. United Kingdom: Sutton."
,,Turdus viscivorus,,,,,,,http://purl.obolibrary.org/obo/RO_0002470,eats,,,Taxus baccata,,Aral,http://purl.obolibrary.org/obo/PATO_0001421,alive,,,,,GEONAMES:2635167,United Kingdom of Great Britain and Northern Ireland,,,,,,,,"Hageneder, F. (2007). Yew: a history. United Kingdom: Sutton."
,,Turdus iliacus,,,,,,,http://purl.obolibrary.org/obo/RO_0002470,eats,,,Taxus baccata,,Aral,http://purl.obolibrary.org/obo/PATO_0001421,alive,,,,,GEONAMES:2635167,United Kingdom of Great Britain and Northern Ireland,,,,,,,,"Hageneder, F. (2007). Yew: a history. United Kingdom: Sutton."
,,Turdus torquatus,,,,,,,http://purl.obolibrary.org/obo/RO_0002470,eats,,,Taxus baccata,,Aral,http://purl.obolibrary.org/obo/PATO_0001421,alive,,,,,GEONAMES:2635167,United Kingdom of Great Britain and Northern Ireland,,,,,,,,"Hageneder, F. (2007). Yew: a history. United Kingdom: Sutton."
,,Erithacus rubecula,,,,,,,http://purl.obolibrary.org/obo/RO_0002470,eats,,,Taxus baccata,,Aral,http://purl.obolibrary.org/obo/PATO_0001421,alive,,,,,GEONAMES:2635167,United Kingdom of Great Britain and Northern Ireland,,,,,,,,"Hageneder, F. (2007). Yew: a history. United Kingdom: Sutton."
,,Sylvia atricapilla,,,,,,,http://purl.obolibrary.org/obo/RO_0002470,eats,,,Taxus baccata,,Aral,http://purl.obolibrary.org/obo/PATO_0001421,alive,,,,,GEONAMES:2635167,United Kingdom of Great Britain and Northern Ireland,,,,,,,,"Hageneder, F. (2007). Yew: a history. United Kingdom: Sutton."
,,Chloris chloris,,,,,,,http://purl.obolibrary.org/obo/RO_0002470,eats,,,Taxus baccata,,Aral,http://purl.obolibrary.org/obo/PATO_0001421,alive,,,,,GEONAMES:2635167,United Kingdom of Great Britain and Northern Ireland,,,,,,,,"Hageneder, F. (2007). Yew: a history. United Kingdom: Sutton."
,,Parus major,,,,,,,http://purl.obolibrary.org/obo/RO_0002470,eats,,,Taxus baccata,,Aral,http://purl.obolibrary.org/obo/PATO_0001421,alive,,,,,GEONAMES:2635167,United Kingdom of Great Britain and Northern Ireland,,,,,,,,"Hageneder, F. (2007). Yew: a history. United Kingdom: Sutton."
,,Inocybe longicystis,,,,,,,http://purl.obolibrary.org/obo/RO_0002442,mutualistically interacts with,,,Picea sitchensis,,Roots,http://purl.obolibrary.org/obo/PATO_0001421,alive,,,,,GEONAMES:2635167,United Kingdom of Great Britain and Northern Ireland,,,,,,,,"Tittensor, R. (2016). Shades of Green An Environmental and Cultural History of Sitka Spruce. United Kingdom: Windgather Press."
,,Lactarius rufus,,,,,,,http://purl.obolibrary.org/obo/RO_0002442,mutualistically interacts with,,,Picea sitchensis,,Roots,http://purl.obolibrary.org/obo/PATO_0001421,alive,,,,,GEONAMES:2635167,United Kingdom of Great Britain and Northern Ireland,,,,,,,,"Tittensor, R. (2016). Shades of Green An Environmental and Cultural History of Sitka Spruce. United Kingdom: Windgather Press."
,,Cortinarius croceus,,,,,,,http://purl.obolibrary.org/obo/RO_0002442,mutualistically interacts with,,,Picea sitchensis,,Roots,http://purl.obolibrary.org/obo/PATO_0001421,alive,,,,,GEONAMES:2635167,United Kingdom of Great Britain and Northern Ireland,,,,,,,,"Tittensor, R. (2016). Shades of Green An Environmental and Cultural History of Sitka Spruce. United Kingdom: Windgather Press."
,,Heterobasidium annosum,,,,,,,http://purl.obolibrary.org/obo/RO_0002470,eats,,,Picea sitchensis,,Roots,http://purl.obolibrary.org/obo/PATO_0001421,alive,,,,,GEONAMES:2635167,United Kingdom of Great Britain and Northern Ireland,,,,,,,,"Tittensor, R. (2016). Shades of Green An Environmental and Cultural History of Sitka Spruce. United Kingdom: Windgather Press."
,,Heterobasidium annosum,,,,,,,http://purl.obolibrary.org/obo/RO_0002471,eats,,,Picea sitchensis,,Stump,http://purl.obolibrary.org/obo/PATO_0001422,dead,,,,,GEONAMES:2635167,United Kingdom of Great Britain and Northern Ireland,,,,,,,,"Tittensor, R. (2016). Shades of Green An Environmental and Cultural History of Sitka Spruce. United Kingdom: Windgather Press."
,,Tetrao urogallus,,,,,,,http://purl.obolibrary.org/obo/RO_0002470,eats,,,Picea sitchensis,,Leaves,http://purl.obolibrary.org/obo/PATO_0001421,alive,,,,,GEONAMES:2635167,United Kingdom of Great Britain and Northern Ireland,,,,,,,,"Tittensor, R. (2016). Shades of Green An Environmental and Cultural History of Sitka Spruce. United Kingdom: Windgather Press."
,,Loxia scotica,,,,,,,http://purl.obolibrary.org/obo/RO_0002470,eats,,,Picea sitchensis,,Seed,http://purl.obolibrary.org/obo/PATO_0001421,alive,,,,,GEONAMES:2635167,United Kingdom of Great Britain and Northern Ireland,,,,,,,,"Tittensor, R. (2016). Shades of Green An Environmental and Cultural History of Sitka Spruce. United Kingdom: Windgather Press."
,,Loxia curvirostra,,,,,,,http://purl.obolibrary.org/obo/RO_0002470,eats,,,Picea sitchensis,,Seed,http://purl.obolibrary.org/obo/PATO_0001421,alive,,,,,GEONAMES:2635167,United Kingdom of Great Britain and Northern Ireland,,,,,,,,"Tittensor, R. (2016). Shades of Green An Environmental and Cultural History of Sitka Spruce. United Kingdom: Windgather Press."
,,Carduelis spinus,,,,,,,http://purl.obolibrary.org/obo/RO_0002470,eats,,,Picea sitchensis,,Seed,http://purl.obolibrary.org/obo/PATO_0001421,alive,,,,,GEONAMES:2635167,United Kingdom of Great Britain and Northern Ireland,,,,,,,,"Tittensor, R. (2016). Shades of Green An Environmental and Cultural History of Sitka Spruce. United Kingdom: Windgather Press."
,,Regulus regulus,,,,,,,http://purl.obolibrary.org/obo/RO_0002470,eats,,,Picea sitchensis,,Seed,http://purl.obolibrary.org/obo/PATO_0001421,alive,,,,,GEONAMES:2635167,United Kingdom of Great Britain and Northern Ireland,,,,,,,,"Tittensor, R. (2016). Shades of Green An Environmental and Cultural History of Sitka Spruce. United Kingdom: Windgather Press."
,,Parus ater,,,,,,,http://purl.obolibrary.org/obo/RO_0002470,eats,,,Picea sitchensis,,Seed,http://purl.obolibrary.org/obo/PATO_0001421,alive,,,,,GEONAMES:2635167,United Kingdom of Great Britain and Northern Ireland,,,,,,,,"Tittensor, R. (2016). Shades of Green An Environmental and Cultural History of Sitka Spruce. United Kingdom: Windgather Press."
,,Falco tinnunculus,,,,,,,http://purl.obolibrary.org/obo/RO_0002441,commensually interacts with,,,Picea sitchensis,,Branches,http://purl.obolibrary.org/obo/PATO_0001421,alive,,,,,GEONAMES:2635167,United Kingdom of Great Britain and Northern Ireland,,,,,,,,"Tittensor, R. (2016). Shades of Green An Environmental and Cultural History of Sitka Spruce. United Kingdom: Windgather Press."
,,Accipiter nisus,,,,,,,http://purl.obolibrary.org/obo/RO_0002441,commensually interacts with,,,Picea sitchensis,,Branches,http://purl.obolibrary.org/obo/PATO_0001421,alive,,,,,GEONAMES:2635167,United Kingdom of Great Britain and Northern Ireland,,,,,,,,"Tittensor, R. (2016). Shades of Green An Environmental and Cultural History of Sitka Spruce. United Kingdom: Windgather Press."
,,Strix aluco,,,,,,,http://purl.obolibrary.org/obo/RO_0002441,commensually interacts with,,,Picea sitchensis,,Branches,http://purl.obolibrary.org/obo/PATO_0001421,alive,,,,,GEONAMES:2635167,United Kingdom of Great Britain and Northern Ireland,,,,,,,,"Tittensor, R. (2016). Shades of Green An Environmental and Cultural History of Sitka Spruce. United Kingdom: Windgather Press."
,,Asio otus,,,,,,,http://purl.obolibrary.org/obo/RO_0002441,commensually interacts with,,,Picea sitchensis,,Branches,http://purl.obolibrary.org/obo/PATO_0001421,alive,,,,,GEONAMES:2635167,United Kingdom of Great Britain and Northern Ireland,,,,,,,,"Tittensor, R. (2016). Shades of Green An Environmental and Cultural History of Sitka Spruce. United Kingdom: Windgather Press."
,,Buteo buteo,,,,,,,http://purl.obolibrary.org/obo/RO_0002441,commensually interacts with,,,Picea sitchensis,,Branches,http://purl.obolibrary.org/obo/PATO_0001421,alive,,,,,GEONAMES:2635167,United Kingdom of Great Britain and Northern Ireland,,,,,,,,"Tittensor, R. (2016). Shades of Green An Environmental and Cultural History of Sitka Spruce. United Kingdom: Windgather Press."
,,Circus circus,,,,,,,http://purl.obolibrary.org/obo/RO_0002441,commensually interacts with,,,Picea sitchensis,,Branches,http://purl.obolibrary.org/obo/PATO_0001421,alive,,,,,GEONAMES:2635167,United Kingdom of Great Britain and Northern Ireland,,,,,,,,"Tittensor, R. (2016). Shades of Green An Environmental and Cultural History of Sitka Spruce. United Kingdom: Windgather Press."
,,Sciurus carolinensis,,,,,,,http://purl.obolibrary.org/obo/RO_0002470,eats,,,Picea sitchensis,,Leaves,http://purl.obolibrary.org/obo/PATO_0001421,alive,,,,,GEONAMES:2635167,United Kingdom of Great Britain and Northern Ireland,,,,,,,,"Tittensor, R. (2016). Shades of Green An Environmental and Cultural History of Sitka Spruce. United Kingdom: Windgather Press."
,,Sciurus vulgaris,,,,,,,http://purl.obolibrary.org/obo/RO_0002470,eats,,,Picea sitchensis,,Leaves,http://purl.obolibrary.org/obo/PATO_0001421,alive,,,,,GEONAMES:2635167,United Kingdom of Great Britain and Northern Ireland,,,,,,,,"Tittensor, R. (2016). Shades of Green An Environmental and Cultural History of Sitka Spruce. United Kingdom: Windgather Press."
,,Microtus agrestis,,,,,,,http://purl.obolibrary.org/obo/RO_0002470,eats,,,Picea sitchensis,,Leaves,http://purl.obolibrary.org/obo/PATO_0001421,alive,,,,,GEONAMES:2635167,United Kingdom of Great Britain and Northern Ireland,,,,,,,,"Tittensor, R. (2016). Shades of Green An Environmental and Cultural History of Sitka Spruce. United Kingdom: Windgather Press."
,,Clethrionomys glareolus,,,,,,,http://purl.obolibrary.org/obo/RO_0002470,eats,,,Picea sitchensis,,Leaves,http://purl.obolibrary.org/obo/PATO_0001421,alive,,,,,GEONAMES:2635167,United Kingdom of Great Britain and Northern Ireland,,,,,,,,"Tittensor, R. (2016). Shades of Green An Environmental and Cultural History of Sitka Spruce. United Kingdom: Windgather Press."
,,Hydropotes inermis,,,,,,,http://purl.obolibrary.org/obo/RO_0002470,eats,,,Picea sitchensis,,Leaves,http://purl.obolibrary.org/obo/PATO_0001421,alive,,,,,GEONAMES:2635167,United Kingdom of Great Britain and Northern Ireland,,,,,,,,"Tittensor, R. (2016). Shades of Green An Environmental and Cultural History of Sitka Spruce. United Kingdom: Windgather Press."
,,Cervus elaphus,,,,,,,http://purl.obolibrary.org/obo/RO_0002470,eats,,,Picea sitchensis,,Leaves,http://purl.obolibrary.org/obo/PATO_0001421,alive,,,,,GEONAMES:2635167,United Kingdom of Great Britain and Northern Ireland,,,,,,,,"Tittensor, R. (2016). Shades of Green An Environmental and Cultural History of Sitka Spruce. United Kingdom: Windgather Press."
,,Dama dama,,,,,,,http://purl.obolibrary.org/obo/RO_0002470,eats,,,Picea sitchensis,,Leaves,http://purl.obolibrary.org/obo/PATO_0001421,alive,,,,,GEONAMES:2635167,United Kingdom of Great Britain and Northern Ireland,,,,,,,,"Tittensor, R. (2016). Shades of Green An Environmental and Cultural History of Sitka Spruce. United Kingdom: Windgather Press."
,,Muntiacus reevesi,,,,,,,http://purl.obolibrary.org/obo/RO_0002470,eats,,,Picea sitchensis,,Leaves,http://purl.obolibrary.org/obo/PATO_0001421,alive,,,,,GEONAMES:2635167,United Kingdom of Great Britain and Northern Ireland,,,,,,,,"Tittensor, R. (2016). Shades of Green An Environmental and Cultural History of Sitka Spruce. United Kingdom: Windgather Press."
,,Cervus nippon,,,,,,,http://purl.obolibrary.org/obo/RO_0002470,eats,,,Picea sitchensis,,Leaves,http://purl.obolibrary.org/obo/PATO_0001421,alive,,,,,GEONAMES:2635167,United Kingdom of Great Britain and Northern Ireland,,,,,,,,"Tittensor, R. (2016). Shades of Green An Environmental and Cultural History of Sitka Spruce. United Kingdom: Windgather Press."
,,Capreolus capreolus,,,,,,,http://purl.obolibrary.org/obo/RO_0002470,eats,,,Picea sitchensis,,Leaves,http://purl.obolibrary.org/obo/PATO_0001421,alive,,,,,GEONAMES:2635167,United Kingdom of Great Britain and Northern Ireland,,,,,,,,"Tittensor, R. (2016). Shades of Green An Environmental and Cultural History of Sitka Spruce. United Kingdom: Windgather Press."
,,Microtus agrestis,,,,,,,http://purl.obolibrary.org/obo/RO_0002470,eats,,,Picea sitchensis,,Outer bark,http://purl.obolibrary.org/obo/PATO_0001421,alive,,,,,GEONAMES:2635167,United Kingdom of Great Britain and Northern Ireland,,,,,,,,"Tittensor, R. (2016). Shades of Green An Environmental and Cultural History of Sitka Spruce. United Kingdom: Windgather Press."
,,Elatobium abietinum,,,http://purl.obolibrary.org/obo/UBERON_0002548,larva,,,http://purl.obolibrary.org/obo/RO_0002457,acquires nutrients from,,,Picea sitchensis,,Leaf sap,http://purl.obolibrary.org/obo/PATO_0001421,alive,,,,,GEONAMES:2635167,United Kingdom of Great Britain and Northern Ireland,,,,,,,,"Tittensor, R. (2016). Shades of Green An Environmental and Cultural History of Sitka Spruce. United Kingdom: Windgather Press."
,,Dendroctonous micans,,,http://purl.obolibrary.org/obo/UBERON_0007023,adult organism,,,http://purl.obolibrary.org/obo/RO_0002470,eats,,,Picea sitchensis,,Stem,http://purl.obolibrary.org/obo/PATO_0001421,alive,,,,,GEONAMES:2635167,United Kingdom of Great Britain and Northern Ireland,,,,,,,,"Tittensor, R. (2016). Shades of Green An Environmental and Cultural History of Sitka Spruce. United Kingdom: Windgather Press."
,,Hylobius abietis,,,http://purl.obolibrary.org/obo/UBERON_0007023,adult organism,,,http://purl.obolibrary.org/obo/RO_0002470,eats,,,Picea sitchensis,,Inner bark,http://purl.obolibrary.org/obo/PATO_0001421,alive,,,,,GEONAMES:2635167,United Kingdom of Great Britain and Northern Ireland,,,,,,,,"Tittensor, R. (2016). Shades of Green An Environmental and Cultural History of Sitka Spruce. United Kingdom: Windgather Press."
,,Hylobius abietis,,,http://purl.obolibrary.org/obo/UBERON_0002548,larva,,,http://purl.obolibrary.org/obo/RO_0002470,eats,,,Picea sitchensis,,Stump,http://purl.obolibrary.org/obo/PATO_0001422,dead,,,,,GEONAMES:2635167,United Kingdom of Great Britain and Northern Ireland,,,,,,,,"Tittensor, R. (2016). Shades of Green An Environmental and Cultural History of Sitka Spruce. United Kingdom: Windgather Press."
,,Colura calyptrifolia,,,http://purl.obolibrary.org/obo/PATO_0001421,alive,,,http://purl.obolibrary.org/obo/RO_0008501,epiphyte of,,,Picea sitchensis,,Stem,http://purl.obolibrary.org/obo/PATO_0001421,alive,,,,,GEONAMES:2635167,United Kingdom of Great Britain and Northern Ireland,,,,,,,,"Tittensor, R. (2016). Shades of Green An Environmental and Cultural History of Sitka Spruce. United Kingdom: Windgather Press."
,,Daltonia splachnoides,,,http://purl.obolibrary.org/obo/PATO_0001421,alive,,,http://purl.obolibrary.org/obo/RO_0008501,epiphyte of,,,Picea sitchensis,,Stem,http://purl.obolibrary.org/obo/PATO_0001421,alive,,,,,GEONAMES:2963597,Ireland,,,,,,,,"Tittensor, R. (2016). Shades of Green An Environmental and Cultural History of Sitka Spruce. United Kingdom: Windgather Press."
,,Erysiphe adunca,,,http://purl.obolibrary.org/obo/PATO_0001421,alive,,,http://purl.obolibrary.org/obo/RO_0002434,interacts with,,,Populus nigra betulifolia,,,,,,,,,GEONAMES:2635167,United Kingdom of Great Britain and Northern Ireland,,,,,,,,"Cooper, F. (2006). The Black Poplar: Ecology, History and Conservation. Windgather Press."
,,Uredo populi,,,http://purl.obolibrary.org/obo/PATO_0001421,alive,,,http://purl.obolibrary.org/obo/RO_0002434,interacts with,,,Populus nigra betulifolia,,,,,,,,,GEONAMES:2635167,United Kingdom of Great Britain and Northern Ireland,,,,,,,,"Cooper, F. (2006). The Black Poplar: Ecology, History and Conservation. Windgather Press."
,,Erinaaeum populinum,,,http://purl.obolibrary.org/obo/PATO_0001421,alive,,,http://purl.obolibrary.org/obo/RO_0002434,interacts with,,,Populus nigra betulifolia,,,,,,,,,GEONAMES:2635167,United Kingdom of Great Britain and Northern Ireland,,,,,,,,"Cooper, F. (2006). The Black Poplar: Ecology, History and Conservation. Windgather Press."
,,Sphaeria centocarpa,,,http://purl.obolibrary.org/obo/PATO_0001421,alive,,,http://purl.obolibrary.org/obo/RO_0002434,interacts with,,,Populus nigra betulifolia,,,,,,,,,GEONAMES:2635167,United Kingdom of Great Britain and Northern Ireland,,,,,,,,"Cooper, F. (2006). The Black Poplar: Ecology, History and Conservation. Windgather Press."
,,Dorytomus longimanus,,,http://purl.obolibrary.org/obo/PATO_0001421,alive,,,http://purl.obolibrary.org/obo/RO_0002434,interacts with,,,Populus nigra betulifolia,,,,,,,,,GEONAMES:2635167,United Kingdom of Great Britain and Northern Ireland,,,,,,,,"Cooper, F. (2006). The Black Poplar: Ecology, History and Conservation. Windgather Press."
,,Gyalecta ulmi,,,http://purl.obolibrary.org/obo/PATO_0001421,alive,,,http://purl.obolibrary.org/obo/RO_0008501,epiphyte of,,,Ulmus glabra,,,,,,,,,GEONAMES:2635167,United Kingdom of Great Britain and Northern Ireland,,,,,,,,"Coleman, M. (2009). Wych elm. Edinburgh: Royal Botanic Garden Edinburgh."
,,Caloplaca luteoalba,,,http://purl.obolibrary.org/obo/PATO_0001421,alive,,,http://purl.obolibrary.org/obo/RO_0008501,epiphyte of,,,Ulmus glabra,,,,,,,,,GEONAMES:2635167,United Kingdom of Great Britain and Northern Ireland,,,,,,,,"Coleman, M. (2009). Wych elm. Edinburgh: Royal Botanic Garden Edinburgh."
,,Bacidia incompta,,,http://purl.obolibrary.org/obo/PATO_0001421,alive,,,http://purl.obolibrary.org/obo/RO_0008501,epiphyte of,,,Ulmus glabra,,,,,,,,,GEONAMES:2635167,United Kingdom of Great Britain and Northern Ireland,,,,,,,,"Coleman, M. (2009). Wych elm. Edinburgh: Royal Botanic Garden Edinburgh."
,,Amandinea punctata,,,http://purl.obolibrary.org/obo/PATO_0001421,alive,,,http://purl.obolibrary.org/obo/RO_0008501,epiphyte of,,,Ulmus glabra,,,,,,,,,GEONAMES:2635167,United Kingdom of Great Britain and Northern Ireland,,,,,,,,"Coleman, M. (2009). Wych elm. Edinburgh: Royal Botanic Garden Edinburgh."
,,Diplotomma alboatrum,,,http://purl.obolibrary.org/obo/PATO_0001421,alive,,,http://purl.obolibrary.org/obo/RO_0008501,epiphyte of,,,Ulmus glabra,,,,,,,,,GEONAMES:2635167,United Kingdom of Great Britain and Northern Ireland,,,,,,,,"Coleman, M. (2009). Wych elm. Edinburgh: Royal Botanic Garden Edinburgh."
,,Lecanora chlarotera,,,http://purl.obolibrary.org/obo/PATO_0001421,alive,,,http://purl.obolibrary.org/obo/RO_0008501,epiphyte of,,,Ulmus glabra,,,,,,,,,GEONAMES:2635167,United Kingdom of Great Britain and Northern Ireland,,,,,,,,"Coleman, M. (2009). Wych elm. Edinburgh: Royal Botanic Garden Edinburgh."
,,Pertusaria albescens,,,http://purl.obolibrary.org/obo/PATO_0001421,alive,,,http://purl.obolibrary.org/obo/RO_0008501,epiphyte of,,,Ulmus glabra,,,,,,,,,GEONAMES:2635167,United Kingdom of Great Britain and Northern Ireland,,,,,,,,"Coleman, M. (2009). Wych elm. Edinburgh: Royal Botanic Garden Edinburgh."
,,Parmelia sulcata,,,http://purl.obolibrary.org/obo/PATO_0001421,alive,,,http://purl.obolibrary.org/obo/RO_0008501,epiphyte of,,,Ulmus glabra,,,,,,,,,GEONAMES:2635167,United Kingdom of Great Britain and Northern Ireland,,,,,,,,"Coleman, M. (2009). Wych elm. Edinburgh: Royal Botanic Garden Edinburgh."
,,Melanelixia subaurifera,,,http://purl.obolibrary.org/obo/PATO_0001421,alive,,,http://purl.obolibrary.org/obo/RO_0008501,epiphyte of,,,Ulmus glabra,,,,,,,,,GEONAMES:2635167,United Kingdom of Great Britain and Northern Ireland,,,,,,,,"Coleman, M. (2009). Wych elm. Edinburgh: Royal Botanic Garden Edinburgh."
,,Evernia prunastri,,,http://purl.obolibrary.org/obo/PATO_0001421,alive,,,http://purl.obolibrary.org/obo/RO_0008501,epiphyte of,,,Ulmus glabra,,,,,,,,,GEONAMES:2635167,United Kingdom of Great Britain and Northern Ireland,,,,,,,,"Coleman, M. (2009). Wych elm. Edinburgh: Royal Botanic Garden Edinburgh."
,,Ramalina farinacea,,,http://purl.obolibrary.org/obo/PATO_0001421,alive,,,http://purl.obolibrary.org/obo/RO_0008501,epiphyte of,,,Ulmus glabra,,,,,,,,,GEONAMES:2635167,United Kingdom of Great Britain and Northern Ireland,,,,,,,,"Coleman, M. (2009). Wych elm. Edinburgh: Royal Botanic Garden Edinburgh."
,,Ramalina fastigiata,,,http://purl.obolibrary.org/obo/PATO_0001421,alive,,,http://purl.obolibrary.org/obo/RO_0008501,epiphyte of,,,Ulmus glabra,,,,,,,,,GEONAMES:2635167,United Kingdom of Great Britain and Northern Ireland,,,,,,,,"Coleman, M. (2009). Wych elm. Edinburgh: Royal Botanic Garden Edinburgh."
,,Ramalina canariensis,,,http://purl.obolibrary.org/obo/PATO_0001421,alive,,,http://purl.obolibrary.org/obo/RO_0008501,epiphyte of,,,Ulmus glabra,,,,,,,,,GEONAMES:2635167,United Kingdom of Great Britain and Northern Ireland,,,,,,,,"Coleman, M. (2009). Wych elm. Edinburgh: Royal Botanic Garden Edinburgh."
,,Ramalina fraxinea,,,http://purl.obolibrary.org/obo/PATO_0001421,alive,,,http://purl.obolibrary.org/obo/RO_0008501,epiphyte of,,,Ulmus glabra,,,,,,,,,GEONAMES:2635167,United Kingdom of Great Britain and Northern Ireland,,,,,,,,"Coleman, M. (2009). Wych elm. Edinburgh: Royal Botanic Garden Edinburgh."
,,Ramalina lacera,,,http://purl.obolibrary.org/obo/PATO_0001421,alive,,,http://purl.obolibrary.org/obo/RO_0008501,epiphyte of,,,Ulmus glabra,,,,,,,,,GEONAMES:2635167,United Kingdom of Great Britain and Northern Ireland,,,,,,,,"Coleman, M. (2009). Wych elm. Edinburgh: Royal Botanic Garden Edinburgh."
,,Lecanora carpinea,,,http://purl.obolibrary.org/obo/PATO_0001421,alive,,,http://purl.obolibrary.org/obo/RO_0008501,epiphyte of,,,Ulmus glabra,,,,,,,,,GEONAMES:2635167,United Kingdom of Great Britain and Northern Ireland,,,,,,,,"Coleman, M. (2009). Wych elm. Edinburgh: Royal Botanic Garden Edinburgh."
,,Lecanora persimils,,,http://purl.obolibrary.org/obo/PATO_0001421,alive,,,http://purl.obolibrary.org/obo/RO_0008501,epiphyte of,,,Ulmus glabra,,,,,,,,,GEONAMES:2635167,United Kingdom of Great Britain and Northern Ireland,,,,,,,,"Coleman, M. (2009). Wych elm. Edinburgh: Royal Botanic Garden Edinburgh."
,,Lecidella elaeochroma,,,http://purl.obolibrary.org/obo/PATO_0001421,alive,,,http://purl.obolibrary.org/obo/RO_0008501,epiphyte of,,,Ulmus glabra,,,,,,,,,GEONAMES:2635167,United Kingdom of Great Britain and Northern Ireland,,,,,,,,"Coleman, M. (2009). Wych elm. Edinburgh: Royal Botanic Garden Edinburgh."
,,Melanohalea exasperata,,,http://purl.obolibrary.org/obo/PATO_0001421,alive,,,http://purl.obolibrary.org/obo/RO_0008501,epiphyte of,,,Ulmus glabra,,,,,,,,,GEONAMES:2635167,United Kingdom of Great Britain and Northern Ireland,,,,,,,,"Coleman, M. (2009). Wych elm. Edinburgh: Royal Botanic Garden Edinburgh."
,,Melanohalea exasperatula,,,http://purl.obolibrary.org/obo/PATO_0001421,alive,,,http://purl.obolibrary.org/obo/RO_0008501,epiphyte of,,,Ulmus glabra,,,,,,,,,GEONAMES:2635167,United Kingdom of Great Britain and Northern Ireland,,,,,,,,"Coleman, M. (2009). Wych elm. Edinburgh: Royal Botanic Garden Edinburgh."
,,Parmelina pastillifera,,,http://purl.obolibrary.org/obo/PATO_0001421,alive,,,http://purl.obolibrary.org/obo/RO_0008501,epiphyte of,,,Ulmus glabra,,,,,,,,,GEONAMES:2635167,United Kingdom of Great Britain and Northern Ireland,,,,,,,,"Coleman, M. (2009). Wych elm. Edinburgh: Royal Botanic Garden Edinburgh."
,,Physica aipolia,,,http://purl.obolibrary.org/obo/PATO_0001421,alive,,,http://purl.obolibrary.org/obo/RO_0008501,epiphyte of,,,Ulmus glabra,,,,,,,,,GEONAMES:2635167,United Kingdom of Great Britain and Northern Ireland,,,,,,,,"Coleman, M. (2009). Wych elm. Edinburgh: Royal Botanic Garden Edinburgh."
,,Physica leptalea,,,http://purl.obolibrary.org/obo/PATO_0001421,alive,,,http://purl.obolibrary.org/obo/RO_0008501,epiphyte of,,,Ulmus glabra,,,,,,,,,GEONAMES:2635167,United Kingdom of Great Britain and Northern Ireland,,,,,,,,"Coleman, M. (2009). Wych elm. Edinburgh: Royal Botanic Garden Edinburgh."
,,Physica stellaris,,,http://purl.obolibrary.org/obo/PATO_0001421,alive,,,http://purl.obolibrary.org/obo/RO_0008501,epiphyte of,,,Ulmus glabra,,,,,,,,,GEONAMES:2635167,United Kingdom of Great Britain and Northern Ireland,,,,,,,,"Coleman, M. (2009). Wych elm. Edinburgh: Royal Botanic Garden Edinburgh."
,,Biatora epixanthoides,,,http://purl.obolibrary.org/obo/PATO_0001421,alive,,,http://purl.obolibrary.org/obo/RO_0008501,epiphyte of,,,Ulmus glabra,,,,,,,,,GEONAMES:2635167,United Kingdom of Great Britain and Northern Ireland,,,,,,,,"Coleman, M. (2009). Wych elm. Edinburgh: Royal Botanic Garden Edinburgh."
,,Biatora sphaeroides,,,http://purl.obolibrary.org/obo/PATO_0001421,alive,,,http://purl.obolibrary.org/obo/RO_0008501,epiphyte of,,,Ulmus glabra,,,,,,,,,GEONAMES:2635167,United Kingdom of Great Britain and Northern Ireland,,,,,,,,"Coleman, M. (2009). Wych elm. Edinburgh: Royal Botanic Garden Edinburgh."
,,Dimerella lutea,,,http://purl.obolibrary.org/obo/PATO_0001421,alive,,,http://purl.obolibrary.org/obo/RO_0008501,epiphyte of,,,Ulmus glabra,,,,,,,,,GEONAMES:2635167,United Kingdom of Great Britain and Northern Ireland,,,,,,,,"Coleman, M. (2009). Wych elm. Edinburgh: Royal Botanic Garden Edinburgh."
,,Lecania chlorotiza,,,http://purl.obolibrary.org/obo/PATO_0001421,alive,,,http://purl.obolibrary.org/obo/RO_0008501,epiphyte of,,,Ulmus glabra,,,,,,,,,GEONAMES:2635167,United Kingdom of Great Britain and Northern Ireland,,,,,,,,"Coleman, M. (2009). Wych elm. Edinburgh: Royal Botanic Garden Edinburgh."
,,Piccolia ochrophora,,,http://purl.obolibrary.org/obo/PATO_0001421,alive,,,http://purl.obolibrary.org/obo/RO_0008501,epiphyte of,,,Ulmus glabra,,,,,,,,,GEONAMES:2635167,United Kingdom of Great Britain and Northern Ireland,,,,,,,,"Coleman, M. (2009). Wych elm. Edinburgh: Royal Botanic Garden Edinburgh."
,,Thelopsis rubella,,,http://purl.obolibrary.org/obo/PATO_0001421,alive,,,http://purl.obolibrary.org/obo/RO_0008501,epiphyte of,,,Ulmus glabra,,,,,,,,,GEONAMES:2635167,United Kingdom of Great Britain and Northern Ireland,,,,,,,,"Coleman, M. (2009). Wych elm. Edinburgh: Royal Botanic Garden Edinburgh."
,,Wadeana minuta,,,http://purl.obolibrary.org/obo/PATO_0001421,alive,,,http://purl.obolibrary.org/obo/RO_0008501,epiphyte of,,,Ulmus glabra,,,,,,,,,GEONAMES:2635167,United Kingdom of Great Britain and Northern Ireland,,,,,,,,"Coleman, M. (2009). Wych elm. Edinburgh: Royal Botanic Garden Edinburgh."
,,Chaenotheca hispidula,,,http://purl.obolibrary.org/obo/PATO_0001421,alive,,,http://purl.obolibrary.org/obo/RO_0008501,epiphyte of,,,Ulmus glabra,,,,,,,,,GEONAMES:2635167,United Kingdom of Great Britain and Northern Ireland,,,,,,,,"Coleman, M. (2009). Wych elm. Edinburgh: Royal Botanic Garden Edinburgh."
,,Chaenotheca trichialis,,,http://purl.obolibrary.org/obo/PATO_0001421,alive,,,http://purl.obolibrary.org/obo/RO_0008501,epiphyte of,,,Ulmus glabra,,,,,,,,,GEONAMES:2635167,United Kingdom of Great Britain and Northern Ireland,,,,,,,,"Coleman, M. (2009). Wych elm. Edinburgh: Royal Botanic Garden Edinburgh."
,,Chaenotheca brachypoda,,,http://purl.obolibrary.org/obo/PATO_0001421,alive,,,http://purl.obolibrary.org/obo/RO_0008501,epiphyte of,,,Ulmus glabra,,,,,,,,,GEONAMES:2635167,United Kingdom of Great Britain and Northern Ireland,,,,,,,,"Coleman, M. (2009). Wych elm. Edinburgh: Royal Botanic Garden Edinburgh."
,,Chaenotheca chlorella,,,http://purl.obolibrary.org/obo/PATO_0001421,alive,,,http://purl.obolibrary.org/obo/RO_0008501,epiphyte of,,,Ulmus glabra,,,,,,,,,GEONAMES:2635167,United Kingdom of Great Britain and Northern Ireland,,,,,,,,"Coleman, M. (2009). Wych elm. Edinburgh: Royal Botanic Garden Edinburgh."
,,Chaenotheca laevigata,,,http://purl.obolibrary.org/obo/PATO_0001421,alive,,,http://purl.obolibrary.org/obo/RO_0008501,epiphyte of,,,Ulmus glabra,,,,,,,,,GEONAMES:2635167,United Kingdom of Great Britain and Northern Ireland,,,,,,,,"Coleman, M. (2009). Wych elm. Edinburgh: Royal Botanic Garden Edinburgh."
,,Sclerophora pallida,,,http://purl.obolibrary.org/obo/PATO_0001421,alive,,,http://purl.obolibrary.org/obo/RO_0008501,epiphyte of,,,Ulmus glabra,,,,,,,,,GEONAMES:2635167,United Kingdom of Great Britain and Northern Ireland,,,,,,,,"Coleman, M. (2009). Wych elm. Edinburgh: Royal Botanic Garden Edinburgh."
,,Sclerophora peronella,,,http://purl.obolibrary.org/obo/PATO_0001421,alive,,,http://purl.obolibrary.org/obo/RO_0008501,epiphyte of,,,Ulmus glabra,,,,,,,,,GEONAMES:2635167,United Kingdom of Great Britain and Northern Ireland,,,,,,,,"Coleman, M. (2009). Wych elm. Edinburgh: Royal Botanic Garden Edinburgh."
,,Caloplaca flavorubescens,,,http://purl.obolibrary.org/obo/PATO_0001421,alive,,,http://purl.obolibrary.org/obo/RO_0008501,epiphyte of,,,Ulmus glabra,,,,,,,,,GEONAMES:2635167,United Kingdom of Great Britain and Northern Ireland,,,,,,,,"Coleman, M. (2009). Wych elm. Edinburgh: Royal Botanic Garden Edinburgh."
,,Opegrapha vulgata,,,http://purl.obolibrary.org/obo/PATO_0001421,alive,,,http://purl.obolibrary.org/obo/RO_0008501,epiphyte of,,,Ulmus glabra,,,,,,,,,GEONAMES:2635167,United Kingdom of Great Britain and Northern Ireland,,,,,,,,"Coleman, M. (2009). Wych elm. Edinburgh: Royal Botanic Garden Edinburgh."
,,Lobaria pulmonaria,,,http://purl.obolibrary.org/obo/PATO_0001421,alive,,,http://purl.obolibrary.org/obo/RO_0008501,epiphyte of,,,Ulmus glabra,,,,,,,,,GEONAMES:2635167,United Kingdom of Great Britain and Northern Ireland,,,,,,,,"Coleman, M. (2009). Wych elm. Edinburgh: Royal Botanic Garden Edinburgh."
,,Dimerella lutea,,,http://purl.obolibrary.org/obo/PATO_0001421,alive,,,http://purl.obolibrary.org/obo/RO_0008501,epiphyte of,,,Ulmus glabra,,,,,,,,,GEONAMES:2635167,United Kingdom of Great Britain and Northern Ireland,,,,,,,,"Coleman, M. (2009). Wych elm. Edinburgh: Royal Botanic Garden Edinburgh."
,,Anaptychia ciliaris,,,http://purl.obolibrary.org/obo/PATO_0001421,alive,,,http://purl.obolibrary.org/obo/RO_0008501,epiphyte of,,,Ulmus glabra,,,,,,,,,GEONAMES:2635167,United Kingdom of Great Britain and Northern Ireland,,,,,,,,"Coleman, M. (2009). Wych elm. Edinburgh: Royal Botanic Garden Edinburgh."
,,Bacidia circumspecta,,,http://purl.obolibrary.org/obo/PATO_0001421,alive,,,http://purl.obolibrary.org/obo/RO_0008501,epiphyte of,,,Ulmus glabra,,,,,,,,,GEONAMES:2635167,United Kingdom of Great Britain and Northern Ireland,,,,,,,,"Coleman, M. (2009). Wych elm. Edinburgh: Royal Botanic Garden Edinburgh."
,,Bacidia subincompta,,,http://purl.obolibrary.org/obo/PATO_0001421,alive,,,http://purl.obolibrary.org/obo/RO_0008501,epiphyte of,,,Ulmus glabra,,,,,,,,,GEONAMES:2635167,United Kingdom of Great Britain and Northern Ireland,,,,,,,,"Coleman, M. (2009). Wych elm. Edinburgh: Royal Botanic Garden Edinburgh."
,,Bacidia vermifera,,,http://purl.obolibrary.org/obo/PATO_0001421,alive,,,http://purl.obolibrary.org/obo/RO_0008501,epiphyte of,,,Ulmus glabra,,,,,,,,,GEONAMES:2635167,United Kingdom of Great Britain and Northern Ireland,,,,,,,,"Coleman, M. (2009). Wych elm. Edinburgh: Royal Botanic Garden Edinburgh."
,,Biatoridium delitescens,,,http://purl.obolibrary.org/obo/PATO_0001421,alive,,,http://purl.obolibrary.org/obo/RO_0008501,epiphyte of,,,Ulmus glabra,,,,,,,,,GEONAMES:2635167,United Kingdom of Great Britain and Northern Ireland,,,,,,,,"Coleman, M. (2009). Wych elm. Edinburgh: Royal Botanic Garden Edinburgh."
,,Biatoridium monasteriensis,,,http://purl.obolibrary.org/obo/PATO_0001421,alive,,,http://purl.obolibrary.org/obo/RO_0008501,epiphyte of,,,Ulmus glabra,,,,,,,,,GEONAMES:2635167,United Kingdom of Great Britain and Northern Ireland,,,,,,,,"Coleman, M. (2009). Wych elm. Edinburgh: Royal Botanic Garden Edinburgh."
,,Chaenotheca gracilenta,,,http://purl.obolibrary.org/obo/PATO_0001421,alive,,,http://purl.obolibrary.org/obo/RO_0008501,epiphyte of,,,Ulmus glabra,,,,,,,,,GEONAMES:2635167,United Kingdom of Great Britain and Northern Ireland,,,,,,,,"Coleman, M. (2009). Wych elm. Edinburgh: Royal Botanic Garden Edinburgh."
,,Collema fasciculare,,,http://purl.obolibrary.org/obo/PATO_0001421,alive,,,http://purl.obolibrary.org/obo/RO_0008501,epiphyte of,,,Ulmus glabra,,,,,,,,,GEONAMES:2635167,United Kingdom of Great Britain and Northern Ireland,,,,,,,,"Coleman, M. (2009). Wych elm. Edinburgh: Royal Botanic Garden Edinburgh."
,,Collema fragrans,,,http://purl.obolibrary.org/obo/PATO_0001421,alive,,,http://purl.obolibrary.org/obo/RO_0008501,epiphyte of,,,Ulmus glabra,,,,,,,,,GEONAMES:2635167,United Kingdom of Great Britain and Northern Ireland,,,,,,,,"Coleman, M. (2009). Wych elm. Edinburgh: Royal Botanic Garden Edinburgh."
,,Collema nigrescens,,,http://purl.obolibrary.org/obo/PATO_0001421,alive,,,http://purl.obolibrary.org/obo/RO_0008501,epiphyte of,,,Ulmus glabra,,,,,,,,,GEONAMES:2635167,United Kingdom of Great Britain and Northern Ireland,,,,,,,,"Coleman, M. (2009). Wych elm. Edinburgh: Royal Botanic Garden Edinburgh."
,,Collema occultatum,,,http://purl.obolibrary.org/obo/PATO_0001421,alive,,,http://purl.obolibrary.org/obo/RO_0008501,epiphyte of,,,Ulmus glabra,,,,,,,,,GEONAMES:2635167,United Kingdom of Great Britain and Northern Ireland,,,,,,,,"Coleman, M. (2009). Wych elm. Edinburgh: Royal Botanic Garden Edinburgh."
,,Fuscopannaria ignobilis,,,http://purl.obolibrary.org/obo/PATO_0001421,alive,,,http://purl.obolibrary.org/obo/RO_0008501,epiphyte of,,,Ulmus glabra,,,,,,,,,GEONAMES:2635167,United Kingdom of Great Britain and Northern Ireland,,,,,,,,"Coleman, M. (2009). Wych elm. Edinburgh: Royal Botanic Garden Edinburgh."
,,Fuscopannaria sampaiana,,,http://purl.obolibrary.org/obo/PATO_0001421,alive,,,http://purl.obolibrary.org/obo/RO_0008501,epiphyte of,,,Ulmus glabra,,,,,,,,,GEONAMES:2635167,United Kingdom of Great Britain and Northern Ireland,,,,,,,,"Coleman, M. (2009). Wych elm. Edinburgh: Royal Botanic Garden Edinburgh."
,,Gomphillus calycioides,,,http://purl.obolibrary.org/obo/PATO_0001421,alive,,,http://purl.obolibrary.org/obo/RO_0008501,epiphyte of,,,Ulmus glabra,,,,,,,,,GEONAMES:2635167,United Kingdom of Great Britain and Northern Ireland,,,,,,,,"Coleman, M. (2009). Wych elm. Edinburgh: Royal Botanic Garden Edinburgh."
,,Gyalecta flotowii,,,http://purl.obolibrary.org/obo/PATO_0001421,alive,,,http://purl.obolibrary.org/obo/RO_0008501,epiphyte of,,,Ulmus glabra,,,,,,,,,GEONAMES:2635167,United Kingdom of Great Britain and Northern Ireland,,,,,,,,"Coleman, M. (2009). Wych elm. Edinburgh: Royal Botanic Garden Edinburgh."
,,Heterodermia obscurata,,,http://purl.obolibrary.org/obo/PATO_0001421,alive,,,http://purl.obolibrary.org/obo/RO_0008501,epiphyte of,,,Ulmus glabra,,,,,,,,,GEONAMES:2635167,United Kingdom of Great Britain and Northern Ireland,,,,,,,,"Coleman, M. (2009). Wych elm. Edinburgh: Royal Botanic Garden Edinburgh."
,,Lecanora horiza,,,http://purl.obolibrary.org/obo/PATO_0001421,alive,,,http://purl.obolibrary.org/obo/RO_0008501,epiphyte of,,,Ulmus glabra,,,,,,,,,GEONAMES:2635167,United Kingdom of Great Britain and Northern Ireland,,,,,,,,"Coleman, M. (2009). Wych elm. Edinburgh: Royal Botanic Garden Edinburgh."
,,Leptogium brebissonii,,,http://purl.obolibrary.org/obo/PATO_0001421,alive,,,http://purl.obolibrary.org/obo/RO_0008501,epiphyte of,,,Ulmus glabra,,,,,,,,,GEONAMES:2635167,United Kingdom of Great Britain and Northern Ireland,,,,,,,,"Coleman, M. (2009). Wych elm. Edinburgh: Royal Botanic Garden Edinburgh."
,,Leptogium cochleatum,,,http://purl.obolibrary.org/obo/PATO_0001421,alive,,,http://purl.obolibrary.org/obo/RO_0008501,epiphyte of,,,Ulmus glabra,,,,,,,,,GEONAMES:2635167,United Kingdom of Great Britain and Northern Ireland,,,,,,,,"Coleman, M. (2009). Wych elm. Edinburgh: Royal Botanic Garden Edinburgh."
,,Leptogium hibernicum,,,http://purl.obolibrary.org/obo/PATO_0001421,alive,,,http://purl.obolibrary.org/obo/RO_0008501,epiphyte of,,,Ulmus glabra,,,,,,,,,GEONAMES:2635167,United Kingdom of Great Britain and Northern Ireland,,,,,,,,"Coleman, M. (2009). Wych elm. Edinburgh: Royal Botanic Garden Edinburgh."
,,Leptogium saturninum,,,http://purl.obolibrary.org/obo/PATO_0001421,alive,,,http://purl.obolibrary.org/obo/RO_0008501,epiphyte of,,,Ulmus glabra,,,,,,,,,GEONAMES:2635167,United Kingdom of Great Britain and Northern Ireland,,,,,,,,"Coleman, M. (2009). Wych elm. Edinburgh: Royal Botanic Garden Edinburgh."
,,Pachyphiale fagicola,,,http://purl.obolibrary.org/obo/PATO_0001421,alive,,,http://purl.obolibrary.org/obo/RO_0008501,epiphyte of,,,Ulmus glabra,,,,,,,,,GEONAMES:2635167,United Kingdom of Great Britain and Northern Ireland,,,,,,,,"Coleman, M. (2009). Wych elm. Edinburgh: Royal Botanic Garden Edinburgh."
,,Parmeliella testacea,,,http://purl.obolibrary.org/obo/PATO_0001421,alive,,,http://purl.obolibrary.org/obo/RO_0008501,epiphyte of,,,Ulmus glabra,,,,,,,,,GEONAMES:2635167,United Kingdom of Great Britain and Northern Ireland,,,,,,,,"Coleman, M. (2009). Wych elm. Edinburgh: Royal Botanic Garden Edinburgh."
,,Porina rosei,,,http://purl.obolibrary.org/obo/PATO_0001421,alive,,,http://purl.obolibrary.org/obo/RO_0008501,epiphyte of,,,Ulmus glabra,,,,,,,,,GEONAMES:2635167,United Kingdom of Great Britain and Northern Ireland,,,,,,,,"Coleman, M. (2009). Wych elm. Edinburgh: Royal Botanic Garden Edinburgh."
,,Pyrenula hibernica,,,http://purl.obolibrary.org/obo/PATO_0001421,alive,,,http://purl.obolibrary.org/obo/RO_0008501,epiphyte of,,,Ulmus glabra,,,,,,,,,GEONAMES:2635167,United Kingdom of Great Britain and Northern Ireland,,,,,,,,"Coleman, M. (2009). Wych elm. Edinburgh: Royal Botanic Garden Edinburgh."
,,Ramonia chrysophaea,,,http://purl.obolibrary.org/obo/PATO_0001421,alive,,,http://purl.obolibrary.org/obo/RO_0008501,epiphyte of,,,Ulmus glabra,,,,,,,,,GEONAMES:2635167,United Kingdom of Great Britain and Northern Ireland,,,,,,,,"Coleman, M. (2009). Wych elm. Edinburgh: Royal Botanic Garden Edinburgh."
,,Ramonia dictyospora,,,http://purl.obolibrary.org/obo/PATO_0001421,alive,,,http://purl.obolibrary.org/obo/RO_0008501,epiphyte of,,,Ulmus glabra,,,,,,,,,GEONAMES:2635167,United Kingdom of Great Britain and Northern Ireland,,,,,,,,"Coleman, M. (2009). Wych elm. Edinburgh: Royal Botanic Garden Edinburgh."
,,Wadeana dendrographa,,,http://purl.obolibrary.org/obo/PATO_0001421,alive,,,http://purl.obolibrary.org/obo/RO_0008501,epiphyte of,,,Ulmus glabra,,,,,,,,,GEONAMES:2635167,United Kingdom of Great Britain and Northern Ireland,,,,,,,,"Coleman, M. (2009). Wych elm. Edinburgh: Royal Botanic Garden Edinburgh."
,,Acrocordia gemmata,,,http://purl.obolibrary.org/obo/PATO_0001421,alive,,,http://purl.obolibrary.org/obo/RO_0008501,epiphyte of,,,Ulmus glabra,,,,,,,,,GEONAMES:2635167,United Kingdom of Great Britain and Northern Ireland,,,,,,,,"Coleman, M. (2009). Wych elm. Edinburgh: Royal Botanic Garden Edinburgh."
,,Agonimia allobata,,,http://purl.obolibrary.org/obo/PATO_0001421,alive,,,http://purl.obolibrary.org/obo/RO_0008501,epiphyte of,,,Ulmus glabra,,,,,,,,,GEONAMES:2635167,United Kingdom of Great Britain and Northern Ireland,,,,,,,,"Coleman, M. (2009). Wych elm. Edinburgh: Royal Botanic Garden Edinburgh."
,,Bacidia rubella,,,http://purl.obolibrary.org/obo/PATO_0001421,alive,,,http://purl.obolibrary.org/obo/RO_0008501,epiphyte of,,,Ulmus glabra,,,,,,,,,GEONAMES:2635167,United Kingdom of Great Britain and Northern Ireland,,,,,,,,"Coleman, M. (2009). Wych elm. Edinburgh: Royal Botanic Garden Edinburgh."
,,Caloplaca ulcerosa,,,http://purl.obolibrary.org/obo/PATO_0001421,alive,,,http://purl.obolibrary.org/obo/RO_0008501,epiphyte of,,,Ulmus glabra,,,,,,,,,GEONAMES:2635167,United Kingdom of Great Britain and Northern Ireland,,,,,,,,"Coleman, M. (2009). Wych elm. Edinburgh: Royal Botanic Garden Edinburgh."
,,Pleurosticta acetabulum,,,http://purl.obolibrary.org/obo/PATO_0001421,alive,,,http://purl.obolibrary.org/obo/RO_0008501,epiphyte of,,,Ulmus glabra,,,,,,,,,GEONAMES:2635167,United Kingdom of Great Britain and Northern Ireland,,,,,,,,"Coleman, M. (2009). Wych elm. Edinburgh: Royal Botanic Garden Edinburgh."
,,Rinodina griseosoralifera,,,http://purl.obolibrary.org/obo/PATO_0001421,alive,,,http://purl.obolibrary.org/obo/RO_0008501,epiphyte of,,,Ulmus glabra,,,,,,,,,GEONAMES:2635167,United Kingdom of Great Britain and Northern Ireland,,,,,,,,"Coleman, M. (2009). Wych elm. Edinburgh: Royal Botanic Garden Edinburgh."
,,Rhodotus palmatus,,,http://purl.obolibrary.org/obo/PATO_0001421,alive,,,http://purl.obolibrary.org/obo/RO_0002434,interacts with,,,Ulmus glabra,,,http://purl.obolibrary.org/obo/PATO_0001422,dead,,,,,GEONAMES:2635167,United Kingdom of Great Britain and Northern Ireland,,,,,,,,"Coleman, M. (2009). Wych elm. Edinburgh: Royal Botanic Garden Edinburgh."
,,Rigidoporus ulmarius,,,http://purl.obolibrary.org/obo/PATO_0001421,alive,,,http://purl.obolibrary.org/obo/RO_0002434,interacts with,,,Ulmus glabra,,,http://purl.obolibrary.org/obo/PATO_0001422,dead,,,,,GEONAMES:2635167,United Kingdom of Great Britain and Northern Ireland,,,,,,,,"Coleman, M. (2009). Wych elm. Edinburgh: Royal Botanic Garden Edinburgh."
,,Volvariella bombycina,,,http://purl.obolibrary.org/obo/PATO_0001421,alive,,,http://purl.obolibrary.org/obo/RO_0002434,interacts with,,,Ulmus glabra,,,http://purl.obolibrary.org/obo/PATO_0001421,alive,,,,,GEONAMES:2635167,United Kingdom of Great Britain and Northern Ireland,,,,,,,,"Coleman, M. (2009). Wych elm. Edinburgh: Royal Botanic Garden Edinburgh."
,,Hypsizygus ulmarius,,,http://purl.obolibrary.org/obo/PATO_0001421,alive,,,http://purl.obolibrary.org/obo/RO_0002434,interacts with,,,Ulmus glabra,,,http://purl.obolibrary.org/obo/PATO_0001422,dead,,,,,GEONAMES:2635167,United Kingdom of Great Britain and Northern Ireland,,,,,,,,"Coleman, M. (2009). Wych elm. Edinburgh: Royal Botanic Garden Edinburgh."
,,Hypsizygus tessulatus,,,http://purl.obolibrary.org/obo/PATO_0001421,alive,,,http://purl.obolibrary.org/obo/RO_0002434,interacts with,,,Ulmus glabra,,,http://purl.obolibrary.org/obo/PATO_0001422,dead,,,,,GEONAMES:2635167,United Kingdom of Great Britain and Northern Ireland,,,,,,,,"Coleman, M. (2009). Wych elm. Edinburgh: Royal Botanic Garden Edinburgh."
,,Pleurotus ostreatus,,,http://purl.obolibrary.org/obo/PATO_0001421,alive,,,http://purl.obolibrary.org/obo/RO_0002434,interacts with,,,Ulmus glabra,,,,,,,,,GEONAMES:2635167,United Kingdom of Great Britain and Northern Ireland,,,,,,,,"Coleman, M. (2009). Wych elm. Edinburgh: Royal Botanic Garden Edinburgh."
,,Pleurotus cornucopiae,,,http://purl.obolibrary.org/obo/PATO_0001421,alive,,,http://purl.obolibrary.org/obo/RO_0002434,interacts with,,,Ulmus glabra,,,,,,,,,GEONAMES:2635167,United Kingdom of Great Britain and Northern Ireland,,,,,,,,"Coleman, M. (2009). Wych elm. Edinburgh: Royal Botanic Garden Edinburgh."
,,Flammulina velutipes,,,http://purl.obolibrary.org/obo/PATO_0001421,alive,,,http://purl.obolibrary.org/obo/RO_0002434,interacts with,,,Ulmus glabra,,,,,,,,,GEONAMES:2635167,United Kingdom of Great Britain and Northern Ireland,,,,,,,,"Coleman, M. (2009). Wych elm. Edinburgh: Royal Botanic Garden Edinburgh."
,,Polyporus squamosus,,,http://purl.obolibrary.org/obo/PATO_0001421,alive,,,http://purl.obolibrary.org/obo/RO_0002434,interacts with,,,Ulmus glabra,,,http://purl.obolibrary.org/obo/PATO_0001422,dead,,,,,GEONAMES:2635167,United Kingdom of Great Britain and Northern Ireland,,,,,,,,"Coleman, M. (2009). Wych elm. Edinburgh: Royal Botanic Garden Edinburgh."
,,Coprinellus disseminatus,,,http://purl.obolibrary.org/obo/PATO_0001421,alive,,,http://purl.obolibrary.org/obo/RO_0002434,interacts with,,,Ulmus glabra,,,http://purl.obolibrary.org/obo/PATO_0001422,dead,,,,,GEONAMES:2635167,United Kingdom of Great Britain and Northern Ireland,,,,,,,,"Coleman, M. (2009). Wych elm. Edinburgh: Royal Botanic Garden Edinburgh."
,,Hypholoma fasciculare,,,http://purl.obolibrary.org/obo/PATO_0001421,alive,,,http://purl.obolibrary.org/obo/RO_0002434,interacts with,,,Ulmus glabra,,,http://purl.obolibrary.org/obo/PATO_0001422,dead,,,,,GEONAMES:2635167,United Kingdom of Great Britain and Northern Ireland,,,,,,,,"Coleman, M. (2009). Wych elm. Edinburgh: Royal Botanic Garden Edinburgh."
,,Ganoderma applanatum,,,http://purl.obolibrary.org/obo/PATO_0001421,alive,,,http://purl.obolibrary.org/obo/RO_0002434,interacts with,,,Ulmus glabra,,,http://purl.obolibrary.org/obo/PATO_0001421,alive,,,,,GEONAMES:2635167,United Kingdom of Great Britain and Northern Ireland,,,,,,,,"Coleman, M. (2009). Wych elm. Edinburgh: Royal Botanic Garden Edinburgh."
,,Ganoderma australe,,,http://purl.obolibrary.org/obo/PATO_0001421,alive,,,http://purl.obolibrary.org/obo/RO_0002434,interacts with,,,Ulmus glabra,,,http://purl.obolibrary.org/obo/PATO_0001421,alive,,,,,GEONAMES:2635167,United Kingdom of Great Britain and Northern Ireland,,,,,,,,"Coleman, M. (2009). Wych elm. Edinburgh: Royal Botanic Garden Edinburgh."
,,Ustulina deusta,,,http://purl.obolibrary.org/obo/PATO_0001421,alive,,,http://purl.obolibrary.org/obo/RO_0002434,interacts with,,,Ulmus glabra,,Roots,http://purl.obolibrary.org/obo/PATO_0001421,alive,,,,,GEONAMES:2635167,United Kingdom of Great Britain and Northern Ireland,,,,,,,,"Coleman, M. (2009). Wych elm. Edinburgh: Royal Botanic Garden Edinburgh."
,,Armillaria bulbosa,,,http://purl.obolibrary.org/obo/PATO_0001421,alive,,,http://purl.obolibrary.org/obo/RO_0002434,interacts with,,,Ulmus glabra,,Base,http://purl.obolibrary.org/obo/PATO_0001421,alive,,,,,GEONAMES:2635167,United Kingdom of Great Britain and Northern Ireland,,,,,,,,"Coleman, M. (2009). Wych elm. Edinburgh: Royal Botanic Garden Edinburgh."
,,Armillaria mellea,,,http://purl.obolibrary.org/obo/PATO_0001421,alive,,,http://purl.obolibrary.org/obo/RO_0002434,interacts with,,,Ulmus glabra,,Base,http://purl.obolibrary.org/obo/PATO_0001421,alive,,,,,GEONAMES:2635167,United Kingdom of Great Britain and Northern Ireland,,,,,,,,"Coleman, M. (2009). Wych elm. Edinburgh: Royal Botanic Garden Edinburgh."
,,Oxyporus populinus,,,http://purl.obolibrary.org/obo/PATO_0001421,alive,,,http://purl.obolibrary.org/obo/RO_0002434,interacts with,,,Ulmus glabra,,,http://purl.obolibrary.org/obo/PATO_0001432,decayed,,,,,GEONAMES:2635167,United Kingdom of Great Britain and Northern Ireland,,,,,,,,"Coleman, M. (2009). Wych elm. Edinburgh: Royal Botanic Garden Edinburgh."
,,Ustulina deusta,,,http://purl.obolibrary.org/obo/PATO_0001421,alive,,,http://purl.obolibrary.org/obo/RO_0002434,interacts with,,,Ulmus glabra,,,http://purl.obolibrary.org/obo/PATO_0001421,alive,,,,,GEONAMES:2635167,United Kingdom of Great Britain and Northern Ireland,,,,,,,,"Coleman, M. (2009). Wych elm. Edinburgh: Royal Botanic Garden Edinburgh."
,,Chondrostereum purpureum,,,http://purl.obolibrary.org/obo/PATO_0001421,alive,,,http://purl.obolibrary.org/obo/RO_0002434,interacts with,,,Ulmus glabra,,,http://purl.obolibrary.org/obo/PATO_0001421,alive,,,,,GEONAMES:2635167,United Kingdom of Great Britain and Northern Ireland,,,,,,,,"Coleman, M. (2009). Wych elm. Edinburgh: Royal Botanic Garden Edinburgh."
,,Stereum hirsutum,,,http://purl.obolibrary.org/obo/PATO_0001421,alive,,,http://purl.obolibrary.org/obo/RO_0002434,interacts with,,,Ulmus glabra,,,,,,,,,GEONAMES:2635167,United Kingdom of Great Britain and Northern Ireland,,,,,,,,"Coleman, M. (2009). Wych elm. Edinburgh: Royal Botanic Garden Edinburgh."
,,Stereum rugosum,,,http://purl.obolibrary.org/obo/PATO_0001421,alive,,,http://purl.obolibrary.org/obo/RO_0002434,interacts with,,,Ulmus glabra,,,,,,,,,GEONAMES:2635167,United Kingdom of Great Britain and Northern Ireland,,,,,,,,"Coleman, M. (2009). Wych elm. Edinburgh: Royal Botanic Garden Edinburgh."
,,Athelopsis lembospora,,,http://purl.obolibrary.org/obo/PATO_0001421,alive,,,http://purl.obolibrary.org/obo/RO_0002434,interacts with,,,Ulmus glabra,,Fallen branches,http://purl.obolibrary.org/obo/PATO_0001432,decayed,,,,,GEONAMES:2635167,United Kingdom of Great Britain and Northern Ireland,,,,,,,,"Coleman, M. (2009). Wych elm. Edinburgh: Royal Botanic Garden Edinburgh."
,,Megalocystidum luridum,,,http://purl.obolibrary.org/obo/PATO_0001421,alive,,,http://purl.obolibrary.org/obo/RO_0002434,interacts with,,,Ulmus glabra,,Fallen branches,http://purl.obolibrary.org/obo/PATO_0001432,decayed,,,,,GEONAMES:2635167,United Kingdom of Great Britain and Northern Ireland,,,,,,,,"Coleman, M. (2009). Wych elm. Edinburgh: Royal Botanic Garden Edinburgh."
,,Phanerochaete sordida,,,http://purl.obolibrary.org/obo/PATO_0001421,alive,,,http://purl.obolibrary.org/obo/RO_0002434,interacts with,,,Ulmus glabra,,Fallen branches,http://purl.obolibrary.org/obo/PATO_0001432,decayed,,,,,GEONAMES:2635167,United Kingdom of Great Britain and Northern Ireland,,,,,,,,"Coleman, M. (2009). Wych elm. Edinburgh: Royal Botanic Garden Edinburgh."
,,Radulomyces confluens,,,http://purl.obolibrary.org/obo/PATO_0001421,alive,,,http://purl.obolibrary.org/obo/RO_0002434,interacts with,,,Ulmus glabra,,Fallen branches,http://purl.obolibrary.org/obo/PATO_0001432,decayed,,,,,GEONAMES:2635167,United Kingdom of Great Britain and Northern Ireland,,,,,,,,"Coleman, M. (2009). Wych elm. Edinburgh: Royal Botanic Garden Edinburgh."
,,Cylindrobasidium evolvens,,,http://purl.obolibrary.org/obo/PATO_0001421,alive,,,http://purl.obolibrary.org/obo/RO_0002434,interacts with,,,Ulmus glabra,,Fallen branches,http://purl.obolibrary.org/obo/PATO_0001432,decayed,,,,,GEONAMES:2635167,United Kingdom of Great Britain and Northern Ireland,,,,,,,,"Coleman, M. (2009). Wych elm. Edinburgh: Royal Botanic Garden Edinburgh."
,,Lyomyces sambuci,,,http://purl.obolibrary.org/obo/PATO_0001421,alive,,,http://purl.obolibrary.org/obo/RO_0002434,interacts with,,,Ulmus glabra,,Fallen branches,http://purl.obolibrary.org/obo/PATO_0001432,decayed,,,,,GEONAMES:2635167,United Kingdom of Great Britain and Northern Ireland,,,,,,,,"Coleman, M. (2009). Wych elm. Edinburgh: Royal Botanic Garden Edinburgh."
,,Schizopora paradoxa,,,http://purl.obolibrary.org/obo/PATO_0001421,alive,,,http://purl.obolibrary.org/obo/RO_0002434,interacts with,,,Ulmus glabra,,Fallen branches,http://purl.obolibrary.org/obo/PATO_0001432,decayed,,,,,GEONAMES:2635167,United Kingdom of Great Britain and Northern Ireland,,,,,,,,"Coleman, M. (2009). Wych elm. Edinburgh: Royal Botanic Garden Edinburgh."
,,Hyphodontia pruni,,,http://purl.obolibrary.org/obo/PATO_0001421,alive,,,http://purl.obolibrary.org/obo/RO_0002434,interacts with,,,Ulmus glabra,,,http://purl.obolibrary.org/obo/PATO_0001432,decayed,,,,,GEONAMES:2635167,United Kingdom of Great Britain and Northern Ireland,,,,,,,,"Coleman, M. (2009). Wych elm. Edinburgh: Royal Botanic Garden Edinburgh."
,,Peniophora cinerea,,,http://purl.obolibrary.org/obo/PATO_0001421,alive,,,http://purl.obolibrary.org/obo/RO_0002434,interacts with,,,Ulmus glabra,,,,,,,,,GEONAMES:2635167,United Kingdom of Great Britain and Northern Ireland,,,,,,,,"Coleman, M. (2009). Wych elm. Edinburgh: Royal Botanic Garden Edinburgh."
,,Peniophora lycii,,,http://purl.obolibrary.org/obo/PATO_0001421,alive,,,http://purl.obolibrary.org/obo/RO_0002434,interacts with,,,Ulmus glabra,,,,,,,,,GEONAMES:2635167,United Kingdom of Great Britain and Northern Ireland,,,,,,,,"Coleman, M. (2009). Wych elm. Edinburgh: Royal Botanic Garden Edinburgh."
,,Peniophora incarnata,,,http://purl.obolibrary.org/obo/PATO_0001421,alive,,,http://purl.obolibrary.org/obo/RO_0002434,interacts with,,,Ulmus glabra,,,,,,,,,GEONAMES:2635167,United Kingdom of Great Britain and Northern Ireland,,,,,,,,"Coleman, M. (2009). Wych elm. Edinburgh: Royal Botanic Garden Edinburgh."
,,Polyporus durus,,,http://purl.obolibrary.org/obo/PATO_0001421,alive,,,http://purl.obolibrary.org/obo/RO_0002434,interacts with,,,Ulmus glabra,,,,,,,,,GEONAMES:2635167,United Kingdom of Great Britain and Northern Ireland,,,,,,,,"Coleman, M. (2009). Wych elm. Edinburgh: Royal Botanic Garden Edinburgh."
,,Polyporus leptocephalus,,,http://purl.obolibrary.org/obo/PATO_0001421,alive,,,http://purl.obolibrary.org/obo/RO_0002434,interacts with,,,Ulmus glabra,,,,,,,,,GEONAMES:2635167,United Kingdom of Great Britain and Northern Ireland,,,,,,,,"Coleman, M. (2009). Wych elm. Edinburgh: Royal Botanic Garden Edinburgh."
,,Daedalea quercina,,,http://purl.obolibrary.org/obo/PATO_0001421,alive,,,http://purl.obolibrary.org/obo/RO_0002434,interacts with,,,Ulmus glabra,,,,,,,,,GEONAMES:2635167,United Kingdom of Great Britain and Northern Ireland,,,,,,,,"Coleman, M. (2009). Wych elm. Edinburgh: Royal Botanic Garden Edinburgh."
,,Hapalopilus nidulans,,,http://purl.obolibrary.org/obo/PATO_0001421,alive,,,http://purl.obolibrary.org/obo/RO_0002434,interacts with,,,Ulmus glabra,,,,,,,,,GEONAMES:2635167,United Kingdom of Great Britain and Northern Ireland,,,,,,,,"Coleman, M. (2009). Wych elm. Edinburgh: Royal Botanic Garden Edinburgh."
,,Skeletocutis nivea,,,http://purl.obolibrary.org/obo/PATO_0001421,alive,,,http://purl.obolibrary.org/obo/RO_0002434,interacts with,,,Ulmus glabra,,,,,,,,,GEONAMES:2635167,United Kingdom of Great Britain and Northern Ireland,,,,,,,,"Coleman, M. (2009). Wych elm. Edinburgh: Royal Botanic Garden Edinburgh."
,,Datronia mollis,,,http://purl.obolibrary.org/obo/PATO_0001421,alive,,,http://purl.obolibrary.org/obo/RO_0002434,interacts with,,,Ulmus glabra,,,,,,,,,GEONAMES:2635167,United Kingdom of Great Britain and Northern Ireland,,,,,,,,"Coleman, M. (2009). Wych elm. Edinburgh: Royal Botanic Garden Edinburgh."
,,Bjerkandera adusta,,,http://purl.obolibrary.org/obo/PATO_0001421,alive,,,http://purl.obolibrary.org/obo/RO_0002434,interacts with,,,Ulmus glabra,,,,,,,,,GEONAMES:2635167,United Kingdom of Great Britain and Northern Ireland,,,,,,,,"Coleman, M. (2009). Wych elm. Edinburgh: Royal Botanic Garden Edinburgh."
,,Ceriporia reticulata,,,http://purl.obolibrary.org/obo/PATO_0001421,alive,,,http://purl.obolibrary.org/obo/RO_0002434,interacts with,,,Ulmus glabra,,Branches,http://purl.obolibrary.org/obo/PATO_0001432,decayed,,,,,GEONAMES:2635167,United Kingdom of Great Britain and Northern Ireland,,,,,,,,"Coleman, M. (2009). Wych elm. Edinburgh: Royal Botanic Garden Edinburgh."
,,Trametes versicolor,,,http://purl.obolibrary.org/obo/PATO_0001421,alive,,,http://purl.obolibrary.org/obo/RO_0002434,interacts with,,,Ulmus glabra,,,,,,,,,GEONAMES:2635167,United Kingdom of Great Britain and Northern Ireland,,,,,,,,"Coleman, M. (2009). Wych elm. Edinburgh: Royal Botanic Garden Edinburgh."
,,Hirneola auricula,,,http://purl.obolibrary.org/obo/PATO_0001421,alive,,,http://purl.obolibrary.org/obo/RO_0002434,interacts with,,,Ulmus glabra,,Fallen branches,http://purl.obolibrary.org/obo/PATO_0001432,decayed,,,,,GEONAMES:2635167,United Kingdom of Great Britain and Northern Ireland,,,,,,,,"Coleman, M. (2009). Wych elm. Edinburgh: Royal Botanic Garden Edinburgh."
,,Calocera cornea,,,http://purl.obolibrary.org/obo/PATO_0001421,alive,,,http://purl.obolibrary.org/obo/RO_0002434,interacts with,,,Ulmus glabra,,Trunks,http://purl.obolibrary.org/obo/PATO_0001422,dead,,,,,GEONAMES:2635167,United Kingdom of Great Britain and Northern Ireland,,,,,,,,"Coleman, M. (2009). Wych elm. Edinburgh: Royal Botanic Garden Edinburgh."
,,Exidia thuretiana,,,http://purl.obolibrary.org/obo/PATO_0001421,alive,,,http://purl.obolibrary.org/obo/RO_0002434,interacts with,,,Ulmus glabra,,Small branches,http://purl.obolibrary.org/obo/PATO_0001422,dead,,,,,GEONAMES:2635167,United Kingdom of Great Britain and Northern Ireland,,,,,,,,"Coleman, M. (2009). Wych elm. Edinburgh: Royal Botanic Garden Edinburgh."
,,Exidiopsis calcea,,,http://purl.obolibrary.org/obo/PATO_0001421,alive,,,http://purl.obolibrary.org/obo/RO_0002434,interacts with,,,Ulmus glabra,,,,,,,,,GEONAMES:2635167,United Kingdom of Great Britain and Northern Ireland,,,,,,,,"Coleman, M. (2009). Wych elm. Edinburgh: Royal Botanic Garden Edinburgh."
,,Tremella indecorata,,,http://purl.obolibrary.org/obo/PATO_0001421,alive,,,http://purl.obolibrary.org/obo/RO_0002434,interacts with,,,Ulmus glabra,,,,,,,,,GEONAMES:2635167,United Kingdom of Great Britain and Northern Ireland,,,,,,,,"Coleman, M. (2009). Wych elm. Edinburgh: Royal Botanic Garden Edinburgh."
,,Cyathus striatus,,,http://purl.obolibrary.org/obo/PATO_0001421,alive,,,http://purl.obolibrary.org/obo/RO_0002434,interacts with,,,Ulmus glabra,,,,,,,,,GEONAMES:2635167,United Kingdom of Great Britain and Northern Ireland,,,,,,,,"Coleman, M. (2009). Wych elm. Edinburgh: Royal Botanic Garden Edinburgh."
,,Galerina unicolor,,,http://purl.obolibrary.org/obo/PATO_0001421,alive,,,http://purl.obolibrary.org/obo/RO_0002434,interacts with,,,Ulmus glabra,,,,,,,,,GEONAMES:2635167,United Kingdom of Great Britain and Northern Ireland,,,,,,,,"Coleman, M. (2009). Wych elm. Edinburgh: Royal Botanic Garden Edinburgh."
,,Pluteus salicinus,,,http://purl.obolibrary.org/obo/PATO_0001421,alive,,,http://purl.obolibrary.org/obo/RO_0002434,interacts with,,,Ulmus glabra,,,,,,,,,GEONAMES:2635167,United Kingdom of Great Britain and Northern Ireland,,,,,,,,"Coleman, M. (2009). Wych elm. Edinburgh: Royal Botanic Garden Edinburgh."
,,Mycena adscendens,,,http://purl.obolibrary.org/obo/PATO_0001421,alive,,,http://purl.obolibrary.org/obo/RO_0002434,interacts with,,,Ulmus glabra,,,,,,,,,GEONAMES:2635167,United Kingdom of Great Britain and Northern Ireland,,,,,,,,"Coleman, M. (2009). Wych elm. Edinburgh: Royal Botanic Garden Edinburgh."
,,Mycena meliigena,,,http://purl.obolibrary.org/obo/PATO_0001422,alive,,,http://purl.obolibrary.org/obo/RO_0002434,interacts with,,,Ulmus glabra,,,,,,,,,GEONAMES:2635167,United Kingdom of Great Britain and Northern Ireland,,,,,,,,"Coleman, M. (2009). Wych elm. Edinburgh: Royal Botanic Garden Edinburgh."
,,Mycena pseudocorticola,,,http://purl.obolibrary.org/obo/PATO_0001423,alive,,,http://purl.obolibrary.org/obo/RO_0002434,interacts with,,,Ulmus glabra,,,,,,,,,GEONAMES:2635167,United Kingdom of Great Britain and Northern Ireland,,,,,,,,"Coleman, M. (2009). Wych elm. Edinburgh: Royal Botanic Garden Edinburgh."
,,Clitopilus hobsonii,,,http://purl.obolibrary.org/obo/PATO_0001424,alive,,,http://purl.obolibrary.org/obo/RO_0002434,interacts with,,,Ulmus glabra,,,,,,,,,GEONAMES:2635167,United Kingdom of Great Britain and Northern Ireland,,,,,,,,"Coleman, M. (2009). Wych elm. Edinburgh: Royal Botanic Garden Edinburgh."
,,Crepidotus mollis,,,http://purl.obolibrary.org/obo/PATO_0001425,alive,,,http://purl.obolibrary.org/obo/RO_0002434,interacts with,,,Ulmus glabra,,,,,,,,,GEONAMES:2635167,United Kingdom of Great Britain and Northern Ireland,,,,,,,,"Coleman, M. (2009). Wych elm. Edinburgh: Royal Botanic Garden Edinburgh."
,,Flagellocypha citrispora,,,http://purl.obolibrary.org/obo/PATO_0001426,alive,,,http://purl.obolibrary.org/obo/RO_0002434,interacts with,,,Ulmus glabra,,,,,,,,,GEONAMES:2635167,United Kingdom of Great Britain and Northern Ireland,,,,,,,,"Coleman, M. (2009). Wych elm. Edinburgh: Royal Botanic Garden Edinburgh."
,,Henningsomyces candidus,,,http://purl.obolibrary.org/obo/PATO_0001427,alive,,,http://purl.obolibrary.org/obo/RO_0002434,interacts with,,,Ulmus glabra,,,,,,,,,GEONAMES:2635167,United Kingdom of Great Britain and Northern Ireland,,,,,,,,"Coleman, M. (2009). Wych elm. Edinburgh: Royal Botanic Garden Edinburgh."
,,Xylaria hypoxylon,,,http://purl.obolibrary.org/obo/PATO_0001428,alive,,,http://purl.obolibrary.org/obo/RO_0002434,interacts with,,,Ulmus glabra,,,,,,,,,GEONAMES:2635167,United Kingdom of Great Britain and Northern Ireland,,,,,,,,"Coleman, M. (2009). Wych elm. Edinburgh: Royal Botanic Garden Edinburgh."
,,Tubercularia vulgaris,,,http://purl.obolibrary.org/obo/PATO_0001429,alive,,,http://purl.obolibrary.org/obo/RO_0002434,interacts with,,,Ulmus glabra,,,,,,,,,GEONAMES:2635167,United Kingdom of Great Britain and Northern Ireland,,,,,,,,"Coleman, M. (2009). Wych elm. Edinburgh: Royal Botanic Garden Edinburgh."
,,Nectria cinnabarina,,,http://purl.obolibrary.org/obo/PATO_0001430,alive,,,http://purl.obolibrary.org/obo/RO_0002434,interacts with,,,Ulmus glabra,,,,,,,,,GEONAMES:2635167,United Kingdom of Great Britain and Northern Ireland,,,,,,,,"Coleman, M. (2009). Wych elm. Edinburgh: Royal Botanic Garden Edinburgh."
,,Anthostoma melanotes,,,http://purl.obolibrary.org/obo/PATO_0001431,alive,,,http://purl.obolibrary.org/obo/RO_0002434,interacts with,,,Ulmus glabra,,Branches,http://purl.obolibrary.org/obo/PATO_0001432,decayed,,,,,GEONAMES:2635167,United Kingdom of Great Britain and Northern Ireland,,,,,,,,"Coleman, M. (2009). Wych elm. Edinburgh: Royal Botanic Garden Edinburgh."
,,Cryptosporella hypodermia,,,http://purl.obolibrary.org/obo/PATO_0001432,alive,,,http://purl.obolibrary.org/obo/RO_0002434,interacts with,,,Ulmus glabra,,Beneath bark of branches,http://purl.obolibrary.org/obo/PATO_0001421,alive,,,,,GEONAMES:2635167,United Kingdom of Great Britain and Northern Ireland,,,,,,,,"Coleman, M. (2009). Wych elm. Edinburgh: Royal Botanic Garden Edinburgh."
,,Lopadostoma gastrinum,,,http://purl.obolibrary.org/obo/PATO_0001433,alive,,,http://purl.obolibrary.org/obo/RO_0002434,interacts with,,,Ulmus glabra,,Fallen branches,http://purl.obolibrary.org/obo/PATO_0001432,decayed,,,,,GEONAMES:2635167,United Kingdom of Great Britain and Northern Ireland,,,,,,,,"Coleman, M. (2009). Wych elm. Edinburgh: Royal Botanic Garden Edinburgh."
,,Quaternaria dissepta,,,http://purl.obolibrary.org/obo/PATO_0001434,alive,,,http://purl.obolibrary.org/obo/RO_0002434,interacts with,,,Ulmus glabra,,Fallen branches,http://purl.obolibrary.org/obo/PATO_0001432,decayed,,,,,GEONAMES:2635167,United Kingdom of Great Britain and Northern Ireland,,,,,,,,"Coleman, M. (2009). Wych elm. Edinburgh: Royal Botanic Garden Edinburgh."
,,Eutypella stellulata,,,http://purl.obolibrary.org/obo/PATO_0001435,alive,,,http://purl.obolibrary.org/obo/RO_0002434,interacts with,,,Ulmus glabra,,Fallen branches,http://purl.obolibrary.org/obo/PATO_0001432,decayed,,,,,GEONAMES:2635167,United Kingdom of Great Britain and Northern Ireland,,,,,,,,"Coleman, M. (2009). Wych elm. Edinburgh: Royal Botanic Garden Edinburgh."
,,Splanchnonema doedans,,,http://purl.obolibrary.org/obo/PATO_0001436,alive,,,http://purl.obolibrary.org/obo/RO_0002434,interacts with,,,Ulmus glabra,,Fallen branches,http://purl.obolibrary.org/obo/PATO_0001432,decayed,,,,,GEONAMES:2635167,United Kingdom of Great Britain and Northern Ireland,,,,,,,,"Coleman, M. (2009). Wych elm. Edinburgh: Royal Botanic Garden Edinburgh."
,,Platychora ulmi,,,http://purl.obolibrary.org/obo/PATO_0001437,alive,,,http://purl.obolibrary.org/obo/RO_0002434,interacts with,,,Ulmus glabra,,Fallen leaves,http://purl.obolibrary.org/obo/PATO_0001432,decayed,,,,,GEONAMES:2635167,United Kingdom of Great Britain and Northern Ireland,,,,,,,,"Coleman, M. (2009). Wych elm. Edinburgh: Royal Botanic Garden Edinburgh."
,,Orbilia comma,,,http://purl.obolibrary.org/obo/PATO_0001438,alive,,,http://purl.obolibrary.org/obo/RO_0002434,interacts with,,,Ulmus glabra,,Bark,http://purl.obolibrary.org/obo/PATO_0001421,alive,,,,,GEONAMES:2635167,United Kingdom of Great Britain and Northern Ireland,,,,,,,,"Coleman, M. (2009). Wych elm. Edinburgh: Royal Botanic Garden Edinburgh."
,,Lachnum deflexum,,,http://purl.obolibrary.org/obo/PATO_0001439,alive,,,http://purl.obolibrary.org/obo/RO_0002434,interacts with,,,Ulmus glabra,,Bark,http://purl.obolibrary.org/obo/PATO_0001421,alive,,,,,GEONAMES:2635167,United Kingdom of Great Britain and Northern Ireland,,,,,,,,"Coleman, M. (2009). Wych elm. Edinburgh: Royal Botanic Garden Edinburgh."
,,Seiridium intermedium,,,http://purl.obolibrary.org/obo/PATO_0001440,alive,,,http://purl.obolibrary.org/obo/RO_0002434,interacts with,,,Ulmus glabra,,Bark,http://purl.obolibrary.org/obo/PATO_0001421,alive,,,,,GEONAMES:2635167,United Kingdom of Great Britain and Northern Ireland,,,,,,,,"Coleman, M. (2009). Wych elm. Edinburgh: Royal Botanic Garden Edinburgh."
,,Encoelia siparia,,,http://purl.obolibrary.org/obo/PATO_0001441,alive,,,http://purl.obolibrary.org/obo/RO_0002434,interacts with,,,Ulmus glabra,,Branches,,,,,,,GEONAMES:2635167,United Kingdom of Great Britain and Northern Ireland,,,,,,,,"Coleman, M. (2009). Wych elm. Edinburgh: Royal Botanic Garden Edinburgh."
,,Habrostictis rubra,,,http://purl.obolibrary.org/obo/PATO_0001442,alive,,,http://purl.obolibrary.org/obo/RO_0002434,interacts with,,,Ulmus glabra,,Branches,http://purl.obolibrary.org/obo/PATO_0001422,dead,,,,,GEONAMES:2635167,United Kingdom of Great Britain and Northern Ireland,,,,,,,,"Coleman, M. (2009). Wych elm. Edinburgh: Royal Botanic Garden Edinburgh."
,,Sphaerostilbe aurantiaca,,,http://purl.obolibrary.org/obo/PATO_0001443,alive,,,http://purl.obolibrary.org/obo/RO_0002434,interacts with,,,Ulmus glabra,,Bark,,,,,,,GEONAMES:2635167,United Kingdom of Great Britain and Northern Ireland,,,,,,,,"Coleman, M. (2009). Wych elm. Edinburgh: Royal Botanic Garden Edinburgh."
,,Pleurotus astreatus,,,http://purl.obolibrary.org/obo/PATO_0001444,alive,,,http://purl.obolibrary.org/obo/RO_0002434,interacts with,,,Ulmus glabra,,,,,,,,,GEONAMES:2635167,United Kingdom of Great Britain and Northern Ireland,,,,,,,,"Coleman, M. (2009). Wych elm. Edinburgh: Royal Botanic Garden Edinburgh."
,,Diplodia melaena,,,http://purl.obolibrary.org/obo/PATO_0001445,alive,,,http://purl.obolibrary.org/obo/RO_0002434,interacts with,,,Ulmus glabra,,Fallen branches,http://purl.obolibrary.org/obo/PATO_0001432,decayed,,,,,GEONAMES:2635167,United Kingdom of Great Britain and Northern Ireland,,,,,,,,"Coleman, M. (2009). Wych elm. Edinburgh: Royal Botanic Garden Edinburgh."
,,Cucurbitaria naucosa,,,http://purl.obolibrary.org/obo/PATO_0001446,alive,,,http://purl.obolibrary.org/obo/RO_0002434,interacts with,,,Ulmus glabra,,Fallen branches,http://purl.obolibrary.org/obo/PATO_0001432,decayed,,,,,GEONAMES:2635167,United Kingdom of Great Britain and Northern Ireland,,,,,,,,"Coleman, M. (2009). Wych elm. Edinburgh: Royal Botanic Garden Edinburgh."
,,Sarcosypha austriaca,,,http://purl.obolibrary.org/obo/PATO_0001447,alive,,,http://purl.obolibrary.org/obo/RO_0002434,interacts with,,,Ulmus glabra,,Mossy logs,http://purl.obolibrary.org/obo/PATO_0001422,dead,,,,,GEONAMES:2635167,United Kingdom of Great Britain and Northern Ireland,,,,,,,,"Coleman, M. (2009). Wych elm. Edinburgh: Royal Botanic Garden Edinburgh."
